092410101001; Syafie;
092410101002; Muhammad Zaim;
092410101003; Agus Joko Susilo;
092410101004; Samuel Anderson;
092410101005; Friyadi Simamora;
092410101006; Pujianto;
092410101007; Wahyu Nugroho;
092410101008; Edwin Nurdiansyah;
092410101009; Yopie Roy Munanto;
0924101010010; Rahadian Rahim;
0924101010011; Roby sugara;
0924101010012; Awaluddin Siregar;
0924101010013; Sumitro Ariadi ;
0924101010014; nidyan rahyan warigalit;
0924101010015; Deden Hermawan;
0924101010016; wisnu koentjoro;
0924101010017; soka adista fajar wirawan;
0924101010018; Muhammad Ru'yat;
0924101010019; Cahyo Kurnia Katiko Utomo;
0924101010020; Fany surya akbar;
0924101010021; Piqhi Rizqi;
0924101010022; Erwin Prasetianto;
0924101010023; Eko Noviyanto;
0924101010024; Didit Susanto;
0924101010025; Amy Prio Pambudi;
0924101010026; Agus kiswanto;
0924101010027; SUWANDI;
0924101010028; ARIS BUDIANTO WIBOWO;
0924101010029; Akhmad Junaidi ;
0924101010030; jeffry wigunawan;
0924101010031; Stevanus Yasa Adi Wibowo;
0924101010032; Yoga Permana;
0924101010033; Hendry;
0924101010034; Yunarko Riyanto;
0924101010035; deska haerman;
0924101010036; Hari Subagio;
0924101010037; Wahyu Pujo Leksono;
0924101010038; Munawir Kholi;
0924101010039; Rusdi Effendi;
0924101010040; Freddy Yoanes Patty;
0924101010041; Ari Widananto;
0924101010042; Abdulloh;
0924101010043; Juliawan ;
0924101010044; Imam Rifa'i;
0924101010045; Sutrisno;
0924101010046; Putu Wirna Jaya;
0924101010047; Ramdan Fauzi Alif48; amin wahyudi
0924101010048; Yoseph Martrihantoko;
0924101010049; Faizal Muhyidiansyah;
0924101010050; Sandy Satriyadi Putra;
0924101010051; Bedley kusuma yudha;
0924101010052; KHOLID;
0924101010053; mutaqien mukhlis;
0924101010054; Agung Prasetyo Kurniawan;
0924101010055; Chandra albeta;
0924101010056; Zuremi Azhar Annas;
0924101010057; anang nuari Wibisono;
0924101010058; Franky Nainggolan;
0924101010059; Himawan Meidayanto;
0924101010060; Hendra wijaya kesuma;
0924101010061; Handrias Septian Firmansyah;
0924101010062; Sena Aji Milandha;
0924101010063; Rachmat Hidayat;
0924101010064; Harry Fitriana;
0924101010065; Achmat Afif;
0924101010066; Dede irfan;
0924101010067; Defrindo Indria Putra;
0924101010068; Andri Teguh Prasetyo;
0924101010069; Tri Wahyudi;
0924101010070; mokh pandu yanuki;
0924101010071; Sigit Widodo;
0924101010072; Muh Rizal;
0924101010073; Seandy Handriyanto;
0924101010074; Minanul Wasik;
0924101010075; Harry Santoso;
0924101010076; Nurrochim;
0924101010077; akhmad fauzan;
0924101010078; Parawin Wijayanto;
0924101010079; Adiwijaya Cahyo Budi Santoso;
0924101010080; Mohammad Avino Pradipta;
0924101010081; Adma tomi caisar;
0924101010082; Adhitya Burhan Mustofa;
0924101010083; Dendy dwi haryono;
0924101010084; Handoko Agung Prabowo;
0924101010085; Budi Setiawan;
0924101010086; Praditya Eko Wibowo;
0924101010087; Ridhya Rachman Dasuki;
0924101010088; Fahmi;
0924101010089; Slamet Sujoko;
0924101010090; yuliyanti;
0924101010091; Kusnanto9;
0924101010092; Leo Nigohando Nainggolan;
0924101010093; Novitrian;
0924101010094; Moch  Ansor;
0924101010095; Yendra Malik;
0924101010096; Irfan Firdaus;
0924101010097; Mardiansyah Putra;
0924101010098; Denny dharma setiawan;
0924101010099; Moh Arif Kusnadi;