b,g,r,class
52.23034969521975,81.15479627847289,101.65880654475457,Mango
52.271050521251006,82.14611066559745,101.68757016840419,Mango
52.68906350224504,81.79987171263633,101.77293136626047,Mango
52.517368928916056,82.21148279189454,101.75603087809583,Mango
52.52273822914993,82.85087578338423,102.09143499919651,Mango
52.54881181759794,83.12427745664736,102.07241490044954,Mango
52.20541324311262,82.74528757854036,101.81053649105844,Mango
52.320985665968735,82.89096472861975,102.19874375905943,Mango
52.31549250362727,82.6367886506529,102.05545703691764,Mango
52.38052241212513,82.84972589487263,102.12592712028375,Mango
52.049434571890146,82.66478190630049,102.10161550888533,Mango
52.22994997579472,82.77279328707438,102.25948039373887,Mango
52.283731439638494,82.24128469980631,102.26581665590707,Mango
52.263855227015654,82.9180804653417,102.24688964291482,Mango
52.10166478099242,82.00452561823175,102.05382253111362,Mango
52.276987718164214,82.83888170652878,102.23141564318037,Mango
52.189775117294914,83.0948066655881,102.45348649085902,Mango
52.61542199902804,83.59841244127654,102.47902154543989,Mango
52.241812768772725,82.17399933840554,102.56252067482639,Mango
52.39702970297033,82.36831683168315,102.94785478547858,Mango
52.6130470685384,81.76663914120559,102.78331957060288,Mango
52.75507844756399,81.8569777043765,102.85020644095785,Mango
52.37514460419765,81.50735415633785,102.90794909932241,Mango
52.42819368699388,81.32226078334162,103.01900512312021,Mango
52.93104018521582,81.03605093434759,102.89168182569865,Mango
52.81920343744836,80.61361758387048,103.09039828127582,Mango
52.659795514511856,80.76220316622687,103.2422493403694,Mango
52.46006600660066,80.95577557755777,103.45016501650161,Mango
52.66127701699389,81.03811252268599,103.3070450420723,Mango
55.074320148331275,75.99505562422745,95.75123609394313,Mango
53.771976647206,79.83936613844871,97.53544620517094,Mango
55.42596881272194,76.06144820132778,96.21228964026554,Mango
53.53745287657759,79.63448614981152,96.12637272578267,Mango
53.506047728015695,80.28996404053606,95.93984962406014,Mango
53.376889322281826,80.41882008776207,95.64277588168378,Mango
53.61161436428341,81.24555160142347,95.79747654480754,Mango
53.53078658929722,81.3629916183108,95.53529980657639,Mango
53.62861736334404,80.65643086816723,95.2816720257235,Mango
53.52275641025639,81.38525641025642,95.13766025641024,Mango
53.64514555212228,80.5368352577655,95.44608879492594,Mango
53.413681309774695,81.28335224509644,95.21202788134218,Mango
55.39292336217554,75.37577255871447,96.28569221260815,Mango
53.4541935483871,80.65483870967742,95.15967741935486,Mango
53.37297123573839,81.31078258074885,94.9191708179335,Mango
53.24046779878244,80.9231015700096,94.58875360461394,Mango
53.16610765053505,81.76361603577702,94.45535856891868,Mango
53.18514394782886,81.25831080006363,94.27898838873865,Mango
53.11315372424722,81.97290015847861,94.21505546751187,Mango
52.833911671924305,82.64810725552047,94.38659305993691,Mango
52.90804958418328,82.85611172132434,94.10905382080651,Mango
52.83223992502343,81.89425179631361,93.93502030615431,Mango
53.01303740493561,82.58963215893218,94.03352475554865,Mango
55.42832843667851,75.7839802072058,96.4366785217257,Mango
53.0824791042422,81.87099826525784,94.10392682542185,Mango
52.620043037196446,82.69535813095605,94.01383338456809,Mango
52.56545875096378,82.74957594448732,94.07309175019273,Mango
52.75875307125306,82.43995700245702,94.02410933660934,Mango
52.29438752102767,82.88820920630064,94.00688178620588,Mango
52.02695705147731,83.84815717331709,94.11772768809014,Mango
52.05762814680011,83.80224446466485,93.99332726721265,Mango
55.535454966785124,75.51289973737062,96.81600494361189,Mango
52.09323058325781,83.49531580537925,93.98020550015109,Mango
51.98166516381126,84.13585813044779,94.250826570484,Mango
51.727000747943144,83.1709798055348,94.27000747943154,Mango
51.73289610970338,83.91742435534358,94.46698464748843,Mango
51.72169390787518,83.4304606240713,94.53254086181283,Mango
51.52440828402367,84.35946745562131,94.90562130177517,Mango
51.29560585885487,83.80973516792425,94.70202692706022,Mango
51.36789046042733,84.67439061089377,95.24195004513994,Mango
51.20548561151079,84.00299760191842,95.47002398081533,Mango
50.97950942267423,84.57448399641042,95.8468441519593,Mango
55.744200433034315,76.05907825549029,96.9484998453449,Mango
50.82699478001492,84.85428784489187,96.30574198359434,Mango
51.03153823266883,85.36566498066051,96.52752157096103,Mango
51.19071629838349,84.66276138217408,96.88936675070444,Mango
51.22094055013311,85.17849748595096,97.36749482401657,Mango
51.26094648385669,84.49299719887954,97.66799351319473,Mango
51.468607557712104,84.9232465813851,98.13689163358333,Mango
51.44142689371697,84.34453904873756,98.54741632413388,Mango
51.48645085689175,84.54826424490993,98.96484546653,Mango
51.49459064327485,84.0527777777778,99.3143274853801,Mango
51.65079365079365,84.43497888452019,99.88015144895878,Mango
56.08756974581526,76.47985120892746,97.10353378797274,Mango
51.86725792381505,84.10148298924109,100.32509450421638,Mango
52.16594013368207,84.34103458297007,100.73176402208662,Mango
52.171014492753635,84.26173913043483,101.50086956521741,Mango
52.077735958309205,84.00593514765485,101.73957730167923,Mango
52.36744723908642,82.972824515756,102.0819601040763,Mango
52.52036395147315,83.21533795493934,102.48526863084923,Mango
52.47937698298241,82.5432650706663,102.82982405537932,Mango
52.656322170900694,82.86143187066972,103.09540993071593,Mango
52.685032537960915,82.08763557483728,103.17772957339115,Mango
52.60984793627806,82.40796524257784,103.31556842867485,Mango
56.37031857031855,76.51934731934732,96.96114996114999,Mango
52.78108733371889,81.63172353961828,103.66396761133605,Mango
52.59696531791908,81.81315028901737,103.97774566473987,Mango
52.693901202375805,81.0819933362306,104.01622482978414,Mango
52.92463474613047,81.49341819759873,104.4602922030956,Mango
52.837736393821274,81.33376642125022,104.93344882344451,Mango
52.88840705406188,81.37453021104365,105.03122289679096,Mango
53.03693550714183,80.39763381907376,105.25061318713031,Mango
52.730246020260495,81.150506512301,105.29956584659914,Mango
52.39641203703704,80.16189236111114,105.26186342592591,Mango
52.36980528916011,80.79787852368496,105.0983725661145,Mango
56.07970112079705,76.00747198007473,96.90597758405976,Mango
52.56980802792322,80.22687609075045,105.29057591623037,Mango
52.327209098862625,81.0051035287256,105.2398658501021,Mango
52.178743257034554,80.52442046945617,105.19857122029447,Mango
51.97898730483,80.9600175105793,105.38246023639286,Mango
51.90644642596111,80.35433416167227,105.46323636895185,Mango
51.87326007326007,81.26783882783879,105.51970695970698,Mango
51.849648300117245,81.63012895662366,105.88745603751465,Mango
51.9222075444004,81.65712608248936,105.81271099368854,Mango
51.806793118659044,80.99691221879137,105.93839141302752,Mango
52.007079646017694,81.99498525073744,105.88598820058996,Mango
55.86451007969995,76.60759493670886,96.59681200187524,Mango
51.9279598464718,81.25479775612637,105.92855033953347,Mango
51.84201183431953,82.01686390532548,105.95606508875736,Mango
52.141692604120344,81.1649622054246,106.16036757077218,Mango
52.009801009800995,81.49866349866352,106.11909711909713,Mango
52.3175595238095,81.1212797619048,106.12380952380953,Mango
52.37242306543172,81.23648043023607,106.07215416791156,Mango
52.58914960394559,80.60364668958302,106.02944253474817,Mango
52.70193606483564,81.34819150532796,105.82095152333787,Mango
52.60301431801055,81.49811605124343,105.79035418236627,Mango
52.63575858417792,81.67901981545907,105.51610951444566,Mango
56.103062787136295,76.45849923430322,96.49157733537524,Mango
52.88811188811189,81.17664943751902,105.15916692003648,Mango
52.701783808507386,81.31056563500532,105.01814300960514,Mango
52.838625954198484,80.66732824427478,104.86137404580153,Mango
52.660475825019184,81.3003837298542,104.51910974673835,Mango
52.62627040344934,80.80166307360639,104.22867262088083,Mango
52.982588597842835,80.83821263482281,104.15901386748844,Mango
52.8916705300572,80.54458352650285,103.8847164271365,Mango
52.948110285006194,80.95910780669146,103.7140644361834,Mango
52.85439005439009,80.55369075369074,103.30582750582751,Mango
52.8999064546305,81.07296538821329,103.07374493295919,Mango
55.78341508277131,77.31453096259966,96.56774984671979,Mango
52.96908029657675,81.45701214702636,101.78135352579271,Mango
53.03479341410373,80.7931034482758,101.16309412861132,Mango
53.00155957579537,80.15595757953832,100.75592638802244,Mango
53.337818807698355,80.8701298701299,100.57408856204037,Mango
53.45758193507919,79.91735925984003,100.46338403638076,Mango
55.923406862745104,76.60677083333334,96.6537990196078,Mango
54.12807959570438,79.7373657612129,100.00047378395442,Mango
54.081826831588984,79.57817951157627,99.99540120520142,Mango
54.571976354050165,78.74388880012783,99.58619587793578,Mango
54.79811079090618,78.04162664105027,99.50464297150174,Mango
54.4606235936998,78.1935069109611,99.41465766634519,Mango
56.17678626188287,77.67893284268631,96.63201471941119,Mango
55.17087903353994,76.97838181529166,98.67699888729929,Mango
55.29393022144337,77.00063724709251,98.5986936434603,Mango
55.5025550942191,76.38821462791445,98.50191632066431,Mango
55.39406575781879,76.94001603849236,98.15060144346428,Mango
55.79034327879372,77.0195700994546,98.25970484440171,Mango
55.911882939379325,76.83630808811706,97.84129281234924,Mango
56.08798455846871,75.85700498632778,97.75406144442661,Mango
55.9885613017561,76.04494925084586,97.65361688416304,Mango
56.08013544018057,75.27168655272492,97.61189938729441,Mango
55.995647267451254,75.52200548121877,97.65097533451554,Mango
55.970628728774656,76.84457702309928,96.80893376166442,Mango
55.906239896540555,75.25800193986422,97.23924991917232,Mango
55.79848029127751,75.54772835206586,97.00617381668518,Mango
55.97742089362378,75.3169025282239,96.5139131817459,Mango
56.239261851734,76.06172446706967,96.59226853324849,Mango
55.83110047846889,77.14657097288675,96.32711323763952,Mango
55.91881977671452,77.63971291866031,96.1334928229665,Mango
55.84395463983389,76.42101900654848,95.95751477399781,Mango
55.96881210824032,77.1773429139275,96.85980736890384,Mango
55.78724708767626,76.86679950950337,96.59809932556712,Mango
55.16081825334381,76.14114870180963,93.89614476789933,Mango
56.030335529339666,77.94392523364489,96.63122414585571,Mango
56.48966049382715,75.68441358024691,95.46712962962962,Mango
56.64714969874866,75.5641897111077,95.73350841958909,Mango
56.916176014874516,75.91555624418964,95.69646730709636,Mango
56.59745104134287,75.81473422443268,95.66754740441407,Mango
56.73901526955439,76.08491741975695,95.53318790900589,Mango
55.90659087417418,78.57136272852973,96.49224151175298,Mango
55.592210591133025,79.14978448275863,96.22613916256154,Mango
55.53603326147216,78.88389282414533,96.19941484447186,Mango
55.340491271435184,79.437509655492,96.04186621350225,Mango
55.56615146831531,79.17758887171561,96.04265842349305,Mango
55.31136890951277,80.20494972931169,96.07873163186383,Mango
55.23149581913904,79.68767420253945,95.93775162589036,Mango
55.36927851047324,80.43878975950348,95.77005430566334,Mango
55.48890612878201,79.93157486423586,95.95376260667179,Mango
55.25613926018029,80.5505129002176,95.99393845197389,Mango
55.40658487342757,79.9304239788787,96.22379251436557,Mango
55.24230171073094,80.38382581648523,96.43125972006216,Mango
55.41503267973857,81.02178649237474,96.93448490507313,Mango
55.24544463479206,80.97445880703943,96.98193427814984,Mango
55.362716087836766,80.17427192026165,97.15589472044861,Mango
55.511052303860524,80.48209838107097,97.50389165628893,Mango
55.415550015581196,79.45045185416018,97.84263010283584,Mango
55.57069288389512,79.9469413233458,98.10034332084899,Mango
55.47351148616971,79.01375214877322,98.5397718393499,Mango
55.5810004589261,79.33960532354293,98.72540920911733,Mango
55.66273368066195,79.0479619981612,98.74256818878331,Mango
55.76943124329296,79.18059175226126,98.97424497930399,Mango
56.18107817539548,78.40070649669786,99.15036092766084,Mango
56.04928604329802,78.95516658989706,99.67557193305699,Mango
56.28865979381443,79.29589167564241,99.87659639944606,Mango
56.277683659325426,79.17634375481288,99.92515016171261,Mango
56.051761433868954,78.01869592089001,99.6453955500618,Mango
56.1169192700278,78.65264460253636,99.94540674296324,Mango
56.56368983129546,78.09874632409841,99.88933601609656,Mango
56.49783281733747,77.96470588235297,100.24551083591334,Mango
56.45716498838108,77.59302865995352,100.16452362509678,Mango
56.458836273599495,77.96672856700712,100.54534199938104,Mango
56.629681213246684,77.22562674094708,100.87496131228724,Mango
56.53034749034748,77.58100386100386,101.10625482625478,Mango
56.58520006179515,76.86744940522166,101.24069210566971,Mango
56.61914334312663,77.04082263800838,101.32812741611254,Mango
56.69316252508102,77.32520450686833,101.8010495446828,Mango
56.79579533158138,77.38444891018703,101.36079765033236,Mango
56.74648322770132,76.80955325398058,101.58911732879886,Mango
56.52298405819532,77.36960222875715,101.5415570345148,Mango
56.61273826127382,76.50007748334109,101.45203781187048,Mango
56.29900898110873,77.2791886032827,101.66181480334467,Mango
56.1279268103582,76.72104202201893,101.57977981082342,Mango
55.688899253731336,77.64256840796024,101.4432524875622,Mango
55.75959595959597,77.15104895104896,101.63543123543124,Mango
55.237451437451455,77.54094794094796,101.7017871017871,Mango
55.112928348909655,77.58084112149535,101.47056074766358,Mango
55.032263092269325,78.52259975062344,101.5160536159601,Mango
54.47103825136611,78.75456674473067,101.69305230288838,Mango
54.503048303892456,79.01391277161167,101.45677661403784,Mango
54.327392120075054,78.97045028142588,101.38445903689808,Mango
54.26805251641138,79.43122850890904,101.36667708658958,Mango
54.12488248198056,78.91820745847696,101.0877467878408,Mango
54.0072021293252,79.53937685924534,101.31204008141538,Mango
53.7512149239693,79.19924753096099,101.16914876939963,Mango
53.68029448621555,79.79417293233085,101.38063909774438,Mango
53.7735671782023,79.57970560601315,101.29783902286253,Mango
53.383085356303845,80.12826938136257,101.23132341425216,Mango
53.44012167787384,79.55571565802113,101.37528017931476,Mango
53.04938271604938,80.29822029822033,101.34295334295334,Mango
52.88897776355784,81.05759078547432,101.83554631259004,Mango
52.90864,81.22528,101.46944000000003,Mango
52.97634649192903,80.59948857279845,101.6496723669491,Mango
53.144776835706296,81.300271956487,101.66421372580388,Mango
52.89838115082544,80.91537105305335,101.63776246193297,Mango
52.86959307914128,81.62143543735978,101.45273950656842,Mango
52.81682930731084,80.92577187649977,101.55287154055353,Mango
52.57005604483588,81.92586068855084,101.8068855084067,Mango
54.66617990654204,71.40785630841121,99.72911799065422,Mango
51.210327455919405,78.06029596977328,100.18057304785894,Mango
51.048883998742504,78.67447343602635,100.41024834957558,Mango
51.26667713074873,77.9488306388322,100.69894835975516,Mango
50.65594855305467,79.02939825447862,100.79957127545553,Mango
50.560870898497384,79.0916896657467,100.98896044158228,Mango
50.616894067147,79.53840257550208,100.98896213398741,Mango
50.43837298541824,78.69485801995394,101.11588641596323,Mango
50.45760430686407,79.26080454613431,101.40960071781068,Mango
50.626981752916535,78.7805862997308,101.37660783727195,Mango
50.45888837850253,79.04930332261522,101.70142397795125,Mango
55.259532246633576,70.50148830616585,98.05698086463502,Mango
50.376340790683436,78.5868832362856,101.80861170701812,Mango
50.318134250261615,79.32486171326059,101.93137987741066,Mango
50.001940588147484,78.97850425436633,102.08658008658007,Mango
50.24813377127498,79.37503732457448,101.94296805016427,Mango
49.71996413628212,78.84847579199042,102.10729228930062,Mango
49.65083758193734,79.45404224326293,102.38179169701384,Mango
49.166766288105215,79.60415421398685,102.7849671249253,Mango
49.23785319180746,80.3302436836597,102.53311406787265,Mango
48.81848665986295,79.35952762793417,102.53185595567865,Mango
48.8144750254842,79.84330857725354,102.7008883063929,Mango
55.180614859094774,70.78693424423568,97.9146029035013,Mango
48.66652091531849,79.33435359277077,102.75193120536366,Mango
48.57078853046597,79.83228793309436,102.90994623655912,Mango
48.734874927283315,79.8712914485166,102.77137870855147,Mango
48.40296554731794,80.21747346998112,102.82628288995501,Mango
48.18323161871549,79.6156640511479,102.84205172914854,Mango
48.06564042985767,79.98751089166421,103.00682544292768,Mango
47.924910607866536,79.80944576877229,103.11025029797375,Mango
47.586482558139544,80.4821220930233,103.05218023255814,Mango
47.31478791400349,81.23910517141199,103.22922719349218,Mango
47.00667440510738,81.3830528148578,103.06746952988972,Mango
55.33794776651918,69.97374054516918,97.94419865848435,Mango
46.76758720930233,80.68415697674419,103.17936046511632,Mango
46.48226447219069,80.89018161180476,102.97290011350731,Mango
46.35631205673761,80.62141843971627,103.08879432624109,Mango
46.14806742226097,80.80296425457716,103.38593432141823,Mango
46.26862204152752,80.4009002468419,103.4846812835777,Mango
46.01349390597794,80.71503192106792,103.54643064422523,Mango
45.974898432965766,80.29512478235637,103.7620429483459,Mango
45.642857142857146,80.66071428571429,103.74390243902442,Mango
45.29678424706047,80.03994900127493,103.75024791046894,Mango
44.929807146908665,80.43817356778224,103.74801474758932,Mango
44.819005806542975,80.59977340320071,104.30958787707127,Mango
44.85199652777778,80.70775462962968,104.85228587962959,Mango
44.90618675917895,79.72015033246602,105.08123735183582,Mango
44.582249204972534,80.11867591789529,105.16218560277542,Mango
44.66936650274804,79.23242695979178,105.25166329187157,Mango
44.731414521261186,79.41293028637544,105.50766560601684,Mango
44.696991611223595,78.78015620480187,105.67442869540066,Mango
44.551265365148225,78.63745480838756,105.79045553145338,Mango
43.96221224844361,77.50369190676128,105.97480816562904,Mango
44.078059377262846,77.67154236060824,106.16118754525706,Mango
43.77270751847022,76.56830363610027,106.44415471534117,Mango
43.50658920221058,77.40017004392803,106.36446081904491,Mango
43.55999433347499,76.5956934409973,106.6853661991784,Mango
43.25109944673005,76.9990069513406,106.73528160022701,Mango
43.22050482132728,75.73610323312533,106.94044242768011,Mango
43.324765691564885,75.59727350184606,106.94220391934107,Mango
43.01124235093211,74.75665291020347,107.03586167639106,Mango
43.12604456824513,74.62381615598886,106.71657381615599,Mango
42.79525801952582,74.0601115760112,106.8439330543933,Mango
42.83421713647782,74.46399665085126,106.93943622662572,Mango
42.85762144053601,73.5385259631491,107.02107761027365,Mango
42.97052249231629,73.70229114277728,107.03604358759428,Mango
42.906905227844575,72.99426894045288,107.14970645792569,Mango
42.49246020664621,73.17788327282884,107.37196313878803,Mango
42.498952074891704,73.41567695961999,107.62232779097393,Mango
42.18685314685313,73.3746853146853,107.58587412587413,Mango
42.09744163288129,72.15392143156718,107.89375087375932,Mango
42.30958368259291,72.43350097792683,108.02291142777308,Mango
42.414173888733565,71.75020967291027,108.16116857701982,Mango
42.16914029683563,71.59339120694483,107.90030803696445,Mango
54.857377948436636,70.02372462973119,97.11533187054305,Mango
42.40774175899328,71.26767884010395,107.54575297496922,Mango
42.70929754895249,71.57058742982339,107.43228810078055,Mango
42.33626252917752,70.95853357133049,107.19978031031168,Mango
42.571086036671375,71.00084626234134,106.93892806770101,Mango
42.59055563410151,70.50742259295914,106.6669023045384,Mango
42.79934862645142,70.45553667516285,106.39422259983009,Mango
42.60824449182659,71.02430703624732,105.96119402985072,Mango
42.51305464402911,71.1177058068198,105.35582822085892,Mango
42.966248256624844,69.95481171548114,104.71115760111574,Mango
42.7057098980874,70.87184140723163,104.28270277816566,Mango
54.591639871382654,70.81484458735262,96.7408896034298,Mango
42.44155480984339,70.16680648769578,104.02936241610745,Mango
42.754584527220636,70.104441260745,103.89570200573066,Mango
42.87786368843068,69.6487686139748,103.649914089347,Mango
42.675132570471696,70.09838124476694,103.0891710856824,Mango
42.828623137964655,69.87178059306697,102.90672420994014,Mango
42.7892688351404,70.32554906866831,102.6883514039477,Mango
42.73307436182021,69.57089345172034,102.43396226415095,Mango
42.80113479103237,69.97176861334076,102.28798782175475,Mango
42.544901906604025,70.73873998342084,102.12641613705445,Mango
42.778328514388,71.21946853917113,101.80985818532294,Mango
54.72734783806114,69.98471495455799,96.80143211236572,Mango
43.08125945277053,70.41715935652414,101.33603739859754,Mango
43.2217659137577,70.84462696783018,101.20602327173172,Mango
43.33665665118821,70.45465719748702,100.89074023490845,Mango
43.46609477124181,71.20057189542489,100.45261437908496,Mango
43.627965392129525,70.83435668434271,100.06698297516049,Mango
43.90394773422296,71.70809007506257,99.64192382541006,Mango
44.32765308949849,71.52188972014409,99.20241064006653,Mango
44.54150525733259,72.38752075262866,98.6153846153847,Mango
44.89023717595145,72.0941809156095,98.02468284611142,Mango
45.55593077247784,72.37793724496976,97.64851554805122,Mango
54.56266372535501,70.67048118020132,96.71115400523924,Mango
54.57329420396183,71.92296404988994,99.85796038151138,Mango
45.43103200803791,72.95105497344622,97.40620066025552,Mango
45.7661822985469,73.13606340819024,96.39542051959491,Mango
46.04631117604089,72.30913075237402,95.96829802775754,Mango
46.7248771773113,72.63927348518688,95.56721750781603,Mango
47.07561156412158,71.97272053372868,94.96871756856928,Mango
47.02154370737754,72.49736515809055,94.44265344079356,Mango
47.33513346705756,72.12374633544206,94.05230674278657,Mango
47.40270104358504,72.72222222222224,93.4759054634745,Mango
47.71323414252154,71.8839467501958,92.91135473766643,Mango
47.94656488549618,72.54619099548216,92.54167315781274,Mango
54.61090407177363,70.98854382332645,96.82926155969636,Mango
54.37206734750209,71.29919955837703,96.63193486061273,Mango
54.47742648074002,70.78600027612869,96.40080077316026,Mango
54.289586502558436,71.56797123496057,96.24754529110768,Mango
54.37814661134163,70.81825726141078,96.23153526970954,Mango
54.46189936903415,74.02815078466266,106.27649247694548,Mango
54.76850801879152,73.25206544629839,106.61704195690913,Mango
54.762725646446576,73.62465441535208,106.88030574077084,Mango
54.291157236280895,71.20969576343475,96.28945123684962,Mango
54.861467588022386,74.21240539651194,107.12142152023692,Mango
55.26307268900761,72.97312611299982,107.307916464303,Mango
54.85077951002227,73.46341075405661,106.97884187082401,Mango
54.67486033519554,74.37142857142852,106.75355147645651,Mango
54.19071945508729,71.38058748403579,96.34071235986947,Mango
54.59453946336107,74.367017103405,106.34065589204457,Mango
54.42400378012288,75.19436131674283,106.04000630020478,Mango
54.2551811422243,75.02199019142543,105.70463534250914,Mango
54.12126984126987,75.81936507936508,105.64936507936514,Mango
54.14884663341647,76.66038029925187,105.39947007481302,Mango
54.025375939849624,76.78242481203004,104.85729949874687,Mango
54.1722972972973,76.17076167076169,104.73264742014747,Mango
54.27037037037037,76.85354938271605,104.37237654320988,Mango
54.01075431687367,76.50378673129354,103.79400181763097,Mango
54.08641411836298,77.21892590902173,103.55332420508142,Mango
54.18347060494177,70.96236864527125,96.22862823061632,Mango
54.11398013750956,76.42780748663102,103.3268143621085,Mango
54.20294749769727,76.98019649984644,103.07291986490632,Mango
54.22807281480368,76.09688581314877,102.78757334135699,Mango
54.28970410628018,76.96603260869568,102.70923913043477,Mango
54.38278527049554,75.99287770874373,102.51538111835131,Mango
54.39034419738045,76.10097471824547,102.4433445019799,Mango
54.49289454001497,76.16738967838451,102.15886312640238,Mango
54.35597295266717,76.26836964688201,101.84748309541702,Mango
54.71525577184248,75.1996378451788,101.70152406820586,Mango
54.42062168309327,75.49916603487493,101.59757391963612,Mango
54.16527166974037,71.66690310682363,96.30926372535112,Mango
54.72746998408795,70.88384203674238,99.31375669029363,Mango
54.54211443508571,74.61835608480976,101.07203020621556,Mango
54.45234272368995,75.07721500510874,100.9633630126988,Mango
54.765327075388676,73.77882076855384,100.68905837489007,Mango
54.8015896379158,73.81336473358846,100.68707683249926,Mango
54.74410871765216,72.93349718085872,100.127656498482,Mango
54.86560232220609,73.17213352685049,99.85791001451382,Mango
55.23663899810689,72.12640163098881,99.83937672928496,Mango
55.19546783625731,72.41652046783628,99.72792397660821,Mango
54.74558303886928,72.64590694935218,99.69390459363959,Mango
55.049373830430405,72.57780336836043,99.447963149561,Mango
54.25010633772862,71.04537076421377,96.28073160357297,Mango
55.190910406715886,71.4389926183239,99.1451729628021,Mango
54.91084337349398,71.80878809355067,98.89822820694543,Mango
55.12082444918266,71.01179815209665,98.83766879886285,Mango
55.086782757636335,71.34341992577791,98.74835854981448,Mango
55.25519415389025,70.60495773033388,98.52142140707838,Mango
55.09848484848484,71.36363636363637,98.34385521885515,Mango
55.23851789236407,70.44406875176108,98.08847562693711,Mango
55.14297824244137,70.97527550155411,98.06103419044926,Mango
55.17144479137099,70.19670735168891,97.82387170025544,Mango
55.22933295324969,70.96622006841504,97.75655644241728,Mango
54.01963922025023,72.42362525458245,96.47628745999418,Mango
55.27211662140918,70.93554380448762,97.91810776046876,Mango
54.98202278029367,69.9825717030328,96.94716618635928,Mango
54.64657308009908,70.86072116707956,96.73451692815854,Mango
54.86115214180206,70.2579562239828,96.37827313011955,Mango
54.672501722949704,70.89786354238461,96.56113025499658,Mango
53.81258172308587,72.61034432660178,96.7209065814325,Mango
53.765901829799596,73.0711588730758,96.5885855358699,Mango
53.93464052287582,72.37501815541032,96.4907770515613,Mango
53.532627610208806,72.854843387471,96.57265081206498,Mango
53.51226401070312,72.60918685892672,96.82324959119964,Mango
53.51239056239799,72.98501261314739,96.92239204629766,Mango
53.55170316301703,72.58713503649636,96.81082725060831,Mango
53.181156121984515,73.86178121681083,96.96389015323922,Mango
54.615918425152245,71.55346268233964,98.99985837700041,Mango
53.254622612913,72.94225522885723,96.97544710518342,Mango
53.277887089450594,73.99878916300895,97.07265021946424,Mango
53.0119317323667,73.56064038664856,97.08533454161001,Mango
53.1187566017806,74.04632563754339,97.05522861023087,Mango
52.805697919807045,74.73274042809769,97.5233644859813,Mango
52.62315567600121,74.79072568503462,97.36841312857577,Mango
52.83479599692071,74.12378752886835,97.72763664357194,Mango
52.88846212935936,74.51912736211405,97.86864341680753,Mango
52.8265603435056,74.39993865971478,97.92317129274646,Mango
52.698006134969326,74.71211656441717,97.87990797546013,Mango
54.939027856736786,71.1864695849915,98.92680500284253,Mango
52.729361311073674,74.04993107673452,97.97809771787408,Mango
52.59514866979655,74.81784037558687,98.49264475743347,Mango
52.38510871265445,74.31299859221023,98.47614578445173,Mango
52.4775956284153,74.71912568306013,98.67993754879005,Mango
52.52437270257311,74.14431836343294,98.94645996483935,Mango
52.27413435455559,74.65613531195149,98.96744853997127,Mango
52.50860146543487,75.60528830837843,99.51369863013703,Mango
52.55746577523084,75.63482967207896,99.3955746577523,Mango
52.54476069327397,74.72777866115437,99.45110510415012,Mango
52.45011121703209,75.21210676835082,99.60359072132194,Mango
54.84203022526375,71.40233818078131,98.98973481608212,Mango
52.51563243929535,75.07919377876529,99.82574194572288,Mango
52.391476552598235,75.3201837769328,100.14337769328263,Mango
52.85800126502214,74.76375711574951,100.31166982922203,Mango
52.81015452538633,74.87811415957115,100.5963418479975,Mango
52.68992125984252,74.42220472440948,100.6374803149607,Mango
52.79517296862428,74.94465004022527,100.93467417538214,Mango
53.20446873493011,74.48770294164925,101.12457804211546,Mango
53.03219977000163,75.03663545260395,101.4701823558403,Mango
53.34343765361301,75.50483368834998,101.89136490250698,Mango
53.188004032258064,76.00504032258061,101.70967741935483,Mango
55.1188941412405,70.57341355106718,98.79329608938548,Mango
53.56563965170797,75.07150033489617,101.86738111185537,Mango
53.6596350242759,75.30621128411185,101.79758915118033,Mango
53.63006670087224,75.01727381563194,102.02086540106038,Mango
53.87209884788778,75.92736683920523,101.82050425780598,Mango
53.80327048222929,75.52260971132989,101.83747705656597,Mango
53.67532023911186,76.26814688300595,101.89274124679763,Mango
53.80364441416891,75.58600136239781,101.72615803814713,Mango
53.81819727891156,76.42278911564627,101.89115646258503,Mango
54.94754239724057,70.70063236562233,98.57099741304972,Mango
53.88133018230925,76.58727211343688,102.11495611073603,Mango
55.054875474883936,71.14267623469813,98.56887575629658,Mango
52.015353805073424,78.33845126835779,100.04155540720961,Mango
51.74195699283213,78.47841306884482,99.73828971495247,Mango
51.76183333333335,77.75150000000005,99.546,Mango
51.515698714820246,78.51260777615094,99.56417764763299,Mango
51.27111760883691,77.95386614684863,99.49204028589996,Mango
51.46769230769229,78.34898785425099,99.8029149797571,Mango
51.22420217074355,77.79183541227928,99.68232625951731,Mango
50.97145110410094,78.38738170347003,100.06687697160885,Mango
55.13785310734464,71.4396892655367,98.22330508474573,Mango
157.45055588063187,113.76477472205968,103.36424809830314,Salak
139.00421940928274,123.62172078517705,94.31131902403231,Salak
136.56410724056173,124.40014590552622,94.13806310414012,Salak
138.3434267444047,125.1124694376529,94.56704908783148,Salak
135.68508615567444,125.6514161220044,95.2960982372747,Salak
132.92764195583604,127.59365141955831,95.51222397476339,Salak
132.53512313282198,128.07347597900687,95.16088009689142,Salak
135.15640665730896,129.3258472027271,94.99097653900138,Salak
128.82883435582823,129.4985685071575,95.58425357873209,Salak
129.77420047220434,128.84052371753597,96.21549688774411,Salak
129.5552704725251,130.04041051956384,95.88689330767589,Salak
128.74540739139832,130.4547222822563,96.25243138102442,Salak
132.34709110867178,130.13040614709107,96.26805708013175,Salak
133.92560073937156,129.7597042513863,96.9859057301294,Salak
133.7891523831885,129.5231274947171,97.0565860530641,Salak
136.61919504643964,129.11359847582762,97.06954036675401,Salak
136.96792223572297,129.28481166464152,97.12685297691374,Salak
139.88230940044411,127.96965210954846,97.64051320009867,Salak
139.77721646880528,126.73907552412224,97.92523364485984,Salak
145.22022756005052,126.54614412136537,97.95802781289508,Salak
146.76478387695573,125.93450013259086,97.59824980111378,Salak
148.35935432654142,124.89547499338448,97.80894416512304,Salak
150.345804382683,123.29716729021914,98.21753073222878,Salak
152.67833146696532,122.34322508398652,98.67525195968645,Salak
152.58749999999995,120.64694444444443,98.4927777777778,Salak
155.28547201808934,119.979932165065,99.08027133973998,Salak
156.95144779175197,118.08365019011408,98.54811348347468,Salak
158.7429403202329,117.67248908296939,98.91732168850072,Salak
156.37889119478206,116.46753631781796,99.1316335606285,Salak
159.6606376456162,114.83568362967505,99.93531575720415,Salak
163.05597809552785,114.27106784301792,99.59415880742318,Salak
161.7525192649673,98.37522228808538,99.09128630705396,Salak
161.94265232974902,97.61051373954602,98.62066905615289,Salak
161.44398584905665,97.64976415094341,98.53183962264153,Salak
161.91561059907835,97.41186635944696,98.26987327188938,Salak
161.0780346820809,97.85260115606934,98.08843930635832,Salak
161.0874684608915,97.08074011774596,97.04093075413516,Salak
161.57872226677364,96.37182571504945,97.4389200748463,Salak
160.6648717948718,96.65717948717953,96.92564102564103,Salak
160.87212606561607,97.60191165073621,96.86308447429607,Salak
159.92207151664618,97.68853267570903,96.05548705302097,Salak
160.86842105263153,97.42247510668565,95.42034139402558,Salak
160.29332402884398,96.97255175622239,95.54314956966736,Salak
159.6070119156737,97.29582951420716,95.0103116406966,Salak
161.2418124719605,96.78196500672951,94.65343203230151,Salak
160.2243505063849,97.1556583003083,94.9623513870542,Salak
160.19368992895943,98.01776013372337,94.24717927287924,Salak
160.5154491508083,98.53181911192958,94.0830775526908,Salak
159.9889277389277,98.00951825951823,94.07536907536908,Salak
159.0755939524838,98.53818967209892,94.52464166503043,Salak
160.34312813836706,99.14190068811611,93.57894736842105,Salak
159.40643274853804,99.421783625731,93.59228801169587,Salak
160.15887207702895,99.1997936726273,93.17279917469051,Salak
159.5645468722925,99.35886328192682,93.25368220412405,Salak
159.9538409703504,99.51667789757408,92.47422506738542,Salak
160.17823193916348,99.46007604562739,92.44597591888463,Salak
159.59048349961623,99.81918649270914,91.67367613200305,Salak
160.47580769825325,99.54737981140825,91.75142989642907,Salak
160.84019975031208,99.63982521847689,91.67088014981275,Salak
160.42101273499082,99.81958762886602,91.36127956337174,Salak
160.4405647487476,99.87004706239563,91.0774252315166,Salak
160.2627602158828,99.62713955281416,91.21572860447188,Salak
159.81456855791964,100.27009456264778,90.70508274231676,Salak
160.3629509166174,101.23299822590181,90.76463630987583,Salak
160.26866113744083,101.19223933649288,90.72926540284361,Salak
159.49515142473516,101.7723407429509,90.92003580486349,Salak
160.14661092863545,102.22693341295914,90.25574798447296,Salak
158.42051893826434,114.7867581270504,103.2007157769162,Salak
160.27282219570412,103.4935859188544,90.68779832935563,Salak
161.10618705035975,104.40215827338132,90.02748201438855,Salak
159.49472161966742,104.70527838033254,90.36847433116411,Salak
160.5339130434783,105.42478260869565,89.90246376811592,Salak
160.95369429525326,106.65727972129481,90.16359413557848,Salak
161.26251262079904,107.85143516515217,89.85850281263528,Salak
161.15080971659916,108.25939849624058,90.12304800462694,Salak
161.84827983302148,109.00719735137471,89.77573053116451,Salak
161.70244328097723,108.67408376963353,90.18775450843513,Salak
161.20794720584112,110.10404380791913,88.87910699241786,Salak
161.19124067032814,111.81256161104069,89.48232643289674,Salak
161.72200392927311,112.23982598933485,89.38998035363458,Salak
160.8798866855524,113.24900849858359,89.75963172804535,Salak
161.76735671032245,113.6558231235037,89.96113223489648,Salak
159.4651935297517,114.09719815135757,90.7590987868284,Salak
160.63090248672813,115.85414920368822,89.7623637887678,Salak
160.2781114680821,116.82846766308144,90.14890347813942,Salak
158.944972067039,116.78924581005593,90.09469273743015,Salak
159.28682170542632,117.70054550674706,91.6190066035027,Salak
156.21356174161312,117.67723054960743,91.70392576730904,Salak
156.53893151463487,118.08255186132422,91.82665529980105,Salak
156.69951320253728,118.03186310665289,91.91104882726059,Salak
155.822378030967,118.53111305872042,92.68346479696173,Salak
154.68641975308648,119.06129266521425,92.66042120551926,Salak
155.10809634358677,119.44747533372028,93.0351131746953,Salak
151.64562817069537,119.09176365264105,92.90644583706356,Salak
153.53419316136777,118.97375524895023,93.35857828434311,Salak
151.79503197977084,119.1716495612077,93.68332589617734,Salak
152.0059075468911,119.67951558115487,93.84345000738445,Salak
150.9997053624042,119.07911019446082,93.97127283441365,Salak
151.7063978965819,119.6694420099328,93.96757230499566,Salak
150.4346367084913,119.58797782316896,94.42690399766556,Salak
151.61040914560775,119.75270758122745,94.66486161251505,Salak
149.77593423019437,119.5201793721973,94.81793721973096,Salak
149.95445979899498,118.55794597989951,96.05040829145729,Salak
147.1282092947676,118.03363665908358,96.09587260318492,Salak
147.8963149078727,118.03132328308212,96.49396984924617,Salak
147.49234559211678,117.6475453105754,96.61622382544427,Salak
147.9092996555684,117.32816685801762,97.21201683888248,Salak
148.74651384909268,117.40783190066863,97.1096466093601,Salak
148.8573954036535,116.36535061873896,97.64898841092123,Salak
149.63344696210143,116.57950671746539,97.8016843793864,Salak
149.77492575307596,115.57891387356813,98.4507848960543,Salak
150.84380269814508,115.21543001686344,98.36319561551433,Salak
151.24099783080263,114.23774403470716,98.92082429501083,Salak
149.62196505559336,114.72384842296347,99.51872021783527,Salak
153.17232558139528,114.53255813953487,99.44255813953494,Salak
152.6607354685647,113.2640569395018,100.11577698695135,Salak
152.20184824902725,113.89178015564197,100.14713035019447,Salak
152.05480499617641,112.68493499872545,101.07443283201627,Salak
153.71473272490215,111.88761408083442,101.84485006518908,Salak
153.92652519893898,112.67798408488059,101.53580901856762,Salak
156.3585266030014,112.83956343792627,101.96343792633012,Salak
156.01531180400883,113.25417594654787,101.86859688195992,Salak
157.60011264432552,114.94395944804278,101.96170092931565,Salak
157.31204219162026,113.89276296513331,103.18107237034867,Salak
158.39601901366606,114.72786690433747,103.50653594771242,Salak
157.05339805825247,114.83980582524266,103.46510922330104,Salak
159.4910604192355,115.45067817509249,103.8723797780518,Salak
159.19298799747313,116.35975994946301,103.16487681617183,Salak
160.36818897637798,116.78614173228344,103.90047244094488,Salak
157.5061071093016,116.86501722518004,103.86313811462573,Salak
160.0365776081425,116.88994910941476,105.1160941475827,Salak
159.3123791102514,116.70825274016761,105.18987749838814,Salak
158.0375865479723,115.70853939993408,106.19848334981864,Salak
159.31663455362875,112.35420680796403,108.78355812459858,Salak
156.49051833122635,112.0733249051833,108.44563843236406,Salak
160.25752296484004,112.46658219828956,108.64111498257837,Salak
159.038125,112.9878124999999,108.28718749999996,Salak
157.55579937304077,112.86927899686516,108.31003134796237,Salak
161.2604491578291,113.0377417342483,108.55021834061141,Salak
157.0033649434078,111.87825022942796,108.65799938819211,Salak
160.30720909362847,112.72330242297339,108.70326054442123,Salak
156.50322769953053,111.28755868544597,109.04196009389673,Salak
157.96298472385422,112.05640423031727,109.54935370152761,Salak
155.02684757505781,111.94745958429563,108.54532332563511,Salak
154.41351888667995,112.36921329167845,108.5842090315251,Salak
156.92095741720016,112.00834956860564,108.67353186752023,Salak
158.18548639349396,112.8192055051611,108.24241476384113,Salak
161.6889379136464,116.11093602269145,103.08257169870781,Salak
154.03044692737433,112.84078212290497,108.82150837988827,Salak
156.5592521308771,112.50948583997803,108.654660434424,Salak
159.19743178170145,113.24612092027823,108.9598715890851,Salak
156.1619476051866,113.16353532680606,108.46652553585606,Salak
156.8327147401909,113.72004241781538,108.83006362672324,Salak
153.67632113821134,115.24237804878042,108.05309959349599,Salak
154.75573852295418,115.15419161676643,108.01596806387225,Salak
152.201807964818,115.10285853896893,107.86366967994134,Salak
153.49074074074073,115.77540360873698,108.07122507122506,Salak
154.47335722819597,115.75388291517328,107.78996415770605,Salak
158.21529301159512,112.294578502037,108.52178000626763,Salak
151.8594853108632,116.44773400136646,107.54224550216354,Salak
153.73639494833526,116.73318025258327,107.19954075774973,Salak
154.7340067340067,117.40291806958474,106.98316498316491,Salak
148.91181777176365,117.5466847090663,107.07758231844839,Salak
156.14934633281632,117.55085309107021,106.95346775980497,Salak
153.12910189982728,117.64011226252158,106.96848013816923,Salak
152.67089993431136,117.87716225093057,107.3008539522663,Salak
148.62163814180934,117.70619396903015,106.51731866340664,Salak
151.66619028174762,118.81890567578601,106.70110249081256,Salak
148.86703711053778,118.11133161341532,105.97697955943642,Salak
161.05842765371662,111.80605689813399,108.73631079840926,Salak
151.4083984375,119.0099609375,106.19921874999991,Salak
149.98848810437454,119.29182655410594,105.287797390637,Salak
147.33533947714872,119.17998871544106,105.52924581530941,Salak
146.38005530591084,118.60819218804008,104.33356377462836,Salak
159.19046225863084,112.40667056758336,109.06933879461678,Salak
158.31850117096013,111.48389929742387,109.16656908665105,Salak
156.75953757225435,112.0274566473988,108.94075144508672,Salak
156.57531143827853,112.61409966024917,108.35758776896942,Salak
155.76980817347783,112.04281345565747,108.86182930219626,Salak
156.18839383938396,112.44196919691971,108.64246424642465,Salak
157.02081081081084,112.66837837837839,108.79513513513514,Salak
156.07287870900572,113.48672566371681,108.54893284747524,Salak
158.2950558213715,116.37703349282302,104.81818181818181,Salak
157.50191375350855,114.3615718295484,108.10002551671346,Salak
154.15235732009918,114.9468982630273,107.73225806451616,Salak
155.01879609802515,115.06542945515119,107.9478943611706,Salak
156.29772937905463,116.13067655236324,107.57367933271551,Salak
156.63515067862897,116.75753393144694,107.32850241545897,Salak
152.2389162561576,116.52776533811016,106.86162113748325,Salak
155.6689342403629,116.96031746031744,106.95374149659861,Salak
151.66822222222225,116.96666666666664,106.98422222222224,Salak
153.66291405066033,117.31695172115177,107.0924442520026,Salak
153.31739794804636,117.72233136869679,106.73870333988216,Salak
162.067098865478,116.62949756888165,105.2674230145867,Salak
151.07196029776682,118.47870140612076,106.83188585607938,Salak
151.88640520219462,118.27169274537694,106.50680755943914,Salak
149.83593437374947,118.48019207683069,106.3875550220089,Salak
151.1277136710346,118.66614512028161,105.7351848230002,Salak
151.54608249457277,118.62541938030395,105.78172488652065,Salak
148.8883601756954,119.24249633967793,104.26738653001462,Salak
148.78561253561253,119.28400997150993,104.53133903133902,Salak
148.07380457380458,118.53828828828829,104.21483021483016,Salak
147.85280573085453,117.81715845130483,104.05816135084427,Salak
144.4187437686939,117.20854104353602,103.57710202725158,Salak
145.21849414031138,116.80943971745063,103.41274682934657,Salak
145.40144381669808,116.39077212806022,102.70872567482736,Salak
145.88989513822685,116.05799173816335,102.67699396250393,Salak
144.70598185452863,115.48285406735354,102.01368599108109,Salak
145.31466913465988,115.13003239241093,102.09532623785283,Salak
145.56114071726924,113.99308656200493,101.24945988765666,Salak
145.8290043290043,113.97835497835493,101.04372294372295,Salak
145.69539979683654,112.44884632128863,100.5122623712088,Salak
145.45608941791264,111.73218173900418,100.2853824938308,Salak
145.92808075143705,111.15911958502734,98.81354268891069,Salak
160.76622950819672,116.73114754098359,105.85573770491803,Salak
145.7468531468532,110.55076923076926,98.72503496503498,Salak
145.287023977433,110.08476727785616,98.15401974612132,Salak
145.4659154929578,109.54281690140843,97.96352112676054,Salak
145.3563799887577,108.70615514333896,97.29117481731313,Salak
147.73251551043427,108.69529046813308,96.46954314720816,Salak
146.56504636133747,108.35627985389152,95.54523742624333,Salak
147.16000000000003,108.37992932862191,95.5239575971732,Salak
146.90983260655509,107.6453790969194,94.79139119426077,Salak
148.33182780522236,108.15356386732529,94.66252646436128,Salak
146.8445974427427,109.20486159898839,93.7992131516088,Salak
148.41384160922775,109.32747221831482,94.00900267266853,Salak
146.64065155807359,108.5298866855524,93.92322946175642,Salak
146.22615842425958,109.10840300410943,93.92929006660057,Salak
147.11007820569566,109.4851704293935,93.62313708130439,Salak
147.85208765176196,110.1225940183595,93.89161978087058,Salak
148.39157182405415,110.29821593355894,93.68071362657649,Salak
146.85444205348912,111.59760221334147,93.77943436827543,Salak
146.95563770794826,112.03912507701786,93.86675908810844,Salak
148.32261043558563,113.21994766815455,93.69832230260118,Salak
145.70146491904393,113.34818812644568,93.44888203546654,Salak
144.80644162279336,114.16924744502946,93.66800867141528,Salak
146.19016235331935,114.88779938916574,93.54717891014305,Salak
145.2723479377307,116.36896164339592,93.68030813673568,Salak
144.96303470540758,117.16916868442294,93.65391444713481,Salak
143.53021932027457,117.97354763100614,93.6544450025113,Salak
142.56254169446296,118.74499666444292,93.72748498999333,Salak
141.52365825112855,120.51680321016555,93.62230396254809,Salak
140.14816800714922,120.57104557640751,94.5313672922252,Salak
140.15201562777483,121.1857574143136,94.45817794352692,Salak
135.44406900231192,122.4959985772719,94.12164325093364,Salak
122.92552101127438,123.60403143149983,106.65971984967545,Salak
144.75064414543377,120.6679072430575,99.46292585170345,Salak
142.6861397479955,119.88659793814435,99.53550973654065,Salak
146.68154506437767,119.814878397711,99.70128755364807,Salak
145.47826086956516,119.62471395881005,99.4136155606407,Salak
146.71486291486292,119.3535353535354,99.78383838383839,Salak
147.34030963302752,119.2147362385321,99.73967889908255,Salak
144.55654420206656,119.7531572904707,99.84070034443167,Salak
145.37910189982725,118.05641911341391,99.97035118019573,Salak
147.77168294083856,118.46496266513498,100.09620907524416,Salak
151.5591459896134,117.72360069244085,100.13300634737448,Salak
150.71055684454757,117.00609048723898,100.65197215777263,Salak
151.95048934945305,117.06246401842259,100.20293609671847,Salak
153.2533949725513,115.74747182895115,100.63478763363193,Salak
154.7677029360967,115.67587795048935,100.47495682210707,Salak
153.8929794520548,116.55650684931507,100.35702054794524,Salak
152.84515943694342,114.9299051996553,100.33208848032179,Salak
154.68300372599595,114.16365720836919,100.79822298652907,Salak
153.79350947731191,114.26938541068351,100.63296955772545,Salak
155.1284113760414,113.6891697787992,101.21574260270035,Salak
153.59776055124888,112.89893769738734,101.0798162503589,Salak
152.87935502447456,112.85891160380075,101.38237834725018,Salak
153.3056036972848,111.80733679953784,101.22241478913926,Salak
154.58277954348458,110.84542039872866,101.89251661369545,Salak
151.97656927972227,110.09314434480767,101.46745733294763,Salak
153.89507432235496,110.16933838531041,101.48178373651999,Salak
152.7706260971328,109.46050321825632,101.5851375073142,Salak
154.497949619215,108.85207967193908,102.13766842413588,Salak
152.68873197999406,107.63989408649601,101.88437775816418,Salak
154.0627208480565,106.72497055359244,102.41254416961132,Salak
153.82998225901824,106.62477823772912,102.5150798344175,Salak
155.13382789317504,106.55964391691394,102.91394658753707,Salak
154.2860541183467,105.68896818316979,102.53612845673506,Salak
155.83178689015264,106.17270278359769,102.64142472313677,Salak
155.299104477612,106.07910447761196,102.64597014925373,Salak
155.3419548872181,106.44781954887218,102.98135338345865,Salak
154.63289990928337,104.98760205624434,103.11158149380101,Salak
156.08282766990297,105.70964805825241,103.55400485436896,Salak
154.00698663426493,104.64520048602674,103.20139732685303,Salak
153.7047880451357,105.1018603232693,103.47087526684965,Salak
154.6626617375231,103.6022797288971,103.91712877387556,Salak
155.7861343237388,104.10523057876819,103.45775301764162,Salak
153.66343143393863,104.54007514088913,103.41421415153414,Salak
154.60970125281077,105.0208801798908,103.59460327658206,Salak
155.43448722096406,104.70042057586544,103.41022322872861,Salak
154.640826873385,104.82202842377262,103.41505167958651,Salak
154.4065146579805,104.67817589576545,103.62052117263846,Salak
155.82291666666666,105.48600260416669,103.61328125,Salak
152.74019607843135,105.11307189542484,103.6326797385621,Salak
155.74999999999997,106.34781167108751,103.75563660477452,Salak
156.1250829462508,106.8205043132051,103.6692103516921,Salak
153.8533909574468,107.09640957446808,103.29986702127655,Salak
153.7044466733534,107.7873620862588,103.51086593112672,Salak
154.06226983595582,107.73619015734853,103.37629728824908,Salak
155.09592729720632,107.72399865365195,103.1932009424436,Salak
152.58495634654133,108.02787105439889,102.95668233713901,Salak
147.8198906356801,123.26930963773071,105.4453178400547,Salak
139.3436276642018,127.70334928229667,103.56720313179645,Salak
138.24302788844622,128.78928729526336,102.89907038512614,Salak
137.93552631578947,129.755701754386,103.77236842105265,Salak
138.15851528384283,130.99039301310046,103.91877729257638,Salak
135.32458028411534,132.5337925096858,104.38441670253988,Salak
125.68316831683167,123.98429498122228,106.49982929327413,Salak
131.92586131705193,134.17618839947664,104.67902311382467,Salak
128.36083333333335,136.37875,105.84791666666672,Salak
125.19443323920936,138.18999596611533,106.10810810810808,Salak
120.76294820717132,138.61713147410364,106.403187250996,Salak
115.93900543900546,139.0167055167055,106.72377622377623,Salak
117.36209495101731,140.2905048982668,107.33685003767901,Salak
114.19269853217911,140.16258938652618,107.56642830259688,Salak
116.01779095626388,140.63639733135656,108.14381022979987,Salak
112.5165876777251,139.88917243893547,108.13525337222019,Salak
146.07556760420195,121.15926804473062,104.14910199932223,Salak
118.04786076867295,140.173313995649,108.42422044960117,Salak
116.51368645574122,139.06789904017063,108.83291859225027,Salak
111.3115438108484,139.74165507649514,108.82579972183588,Salak
114.68441064638787,138.14656066367095,109.0995506394746,Salak
113.85005170630816,136.7449155463633,109.4560496380558,Salak
117.12580535774839,135.74025093251956,109.77178704645641,Salak
120.10697359512525,135.0788761002031,110.35680433310765,Salak
118.5751829673985,134.21922821024617,110.05888223552894,Salak
118.73855341738557,132.82282680822826,110.89946914399475,Salak
118.78692333222699,132.08662462661792,110.60172585462993,Salak
148.25573549257763,121.03171390013495,103.61369770580299,Salak
117.87577639751552,130.52860411899317,111.26446551160514,Salak
118.90986561783022,129.58308751229112,111.0363815142576,Salak
118.41132443865934,128.89261308167912,111.72534982102181,Salak
120.19536530415189,128.13228194399736,111.71580302542648,Salak
118.53841166936793,126.74975688816853,111.92901134521885,Salak
115.06466069142127,126.44750320102436,111.82362355953902,Salak
114.88419705694177,125.96449136276391,111.96097248880356,Salak
114.03925949569101,125.59974465368656,112.46951803383341,Salak
118.09450830140486,125.25223499361425,112.45498084291188,Salak
114.24857324032973,125.16391883322767,112.44102726696259,Salak
146.92917369308606,121.9264755480607,103.55615514333894,Salak
114.67970968759863,125.27421899652889,112.69958977595456,Salak
111.17281614632611,125.57836644591615,112.27089246294544,Salak
111.68181818181816,126.0369905956113,112.4786833855799,Salak
107.14115805946791,125.78904538341158,112.67073552425667,Salak
109.02929261452165,127.00716734185106,112.38423184792768,Salak
106.5724073497353,127.4185611958891,111.73590781687948,Salak
106.38356164383559,127.94427148194269,112.14850560398502,Salak
102.78914535246413,128.90923268870867,111.6048034934498,Salak
102.02714508580347,129.3884555382216,111.70265210608419,Salak
102.36611008039577,131.03277674706248,111.14687693259124,Salak
146.28853887399467,120.78753351206434,103.32640750670241,Salak
102.12122156435022,131.62823309442186,110.98286070426923,Salak
98.8342129773362,131.7618751940391,111.1002794163303,Salak
101.53369017632245,132.30541561712852,111.06202770780858,Salak
96.78808563450204,132.95035681042506,110.61929878994725,Salak
97.81576535288724,133.7311335166514,110.3299725022915,Salak
90.63526495196778,133.71149674620392,109.95475674000622,Salak
95.96900889843508,135.1896287204664,109.83000920527766,Salak
90.69367959949938,134.99812265331667,109.52628285356698,Salak
90.45742697327533,135.261031696706,109.4505904288378,Salak
90.38359201773837,134.73930947101678,109.60183718720302,Salak
90.25658720200755,135.23086574654954,109.42534504391463,Salak
92.10927046830197,134.2245938196878,109.03090156100669,Salak
90.3345025510204,134.20950255102042,109.2471301020408,Salak
92.58697047496786,133.49197689345317,108.94672657252889,Salak
98.8509476389335,133.3148088660456,108.88756826212655,Salak
96.16093445814408,132.31408176508768,108.99870214146657,Salak
97.68076923076923,132.42051282051276,108.91730769230773,Salak
102.96413704771055,132.0829330771694,108.66090297790586,Salak
105.9652935452481,130.5971456373662,108.99026921829389,Salak
102.20647249190941,129.78349514563106,108.85372168284786,Salak
103.52891487979207,129.20532813515268,109.00877192982456,Salak
108.68695652173913,128.75491143317228,108.68309178743961,Salak
109.0283203125,128.8343098958333,108.61621093750001,Salak
109.21104214309054,128.40574975498205,107.91244691277356,Salak
112.05788096795293,127.73119686069326,108.00621321124916,Salak
110.35489166119503,126.85062376887721,107.56007879185816,Salak
115.05013192612135,125.66127968337733,107.59894459102902,Salak
112.89284536762281,125.63963072865148,107.42433234421365,Salak
114.69571000997674,124.76587961423346,107.33954107083471,Salak
115.58731739707834,125.18426294820718,107.33034528552457,Salak
116.94524207011686,124.2804674457429,107.50617696160263,Salak
118.16565656565656,124.22121212121212,106.82962962962961,Salak
118.22210953346855,123.06423258958756,106.65483434753212,Salak
119.66994906621396,123.42886247877765,106.48081494057723,Salak
123.03430706521739,123.43749999999999,106.73980978260873,Salak
127.61461908030196,123.48215511324638,106.84728894989705,Salak
133.5445716267777,124.64550815123135,106.14984391259105,Salak
147.94274560832795,121.49219258295382,101.96324007807421,Salak
146.0382402707276,121.40981387478847,104.76446700507616,Salak
144.29384045775828,121.26018175698417,103.94311679569171,Salak
144.37361530715,121.58912386706953,103.7106411547499,Salak
143.53650586701437,120.97262059973926,101.98500651890483,Salak
146.62163039948032,121.58622929522573,101.59532315686911,Salak
128.97864278332756,122.79917326903201,106.8318980365139,Salak
146.8338741077223,121.16093445814406,102.02920181700195,Salak
148.6475884244373,123.11221864951767,101.53408360128617,Salak
148.34456207892205,122.51748476098813,101.67500802053256,Salak
146.7727418836388,122.97814207650275,101.6817743490839,Salak
149.48832,122.81632,101.74752000000004,Salak
144.89431416639894,122.15290716350785,101.88467716029554,Salak
146.26763285024157,122.80837359098228,101.87053140096616,Salak
146.42369020501138,121.42434103481942,101.67425968109339,Salak
148.3855809462504,123.763759253299,101.87930479562283,Salak
144.97693047100287,124.54886254405638,101.76001281640498,Salak
149.089485458613,124.54138702460848,101.9600511345478,Salak
142.9006091696057,124.51811478037828,102.15389547932028,Salak
146.44754149702476,123.90823676792986,103.13153773880366,Salak
144.30192247084779,124.11156634100217,102.50173337535453,Salak
142.93773704171937,124.76011378002528,102.76801517067003,Salak
142.4633838383838,124.84185606060606,102.38068181818184,Salak
142.0794392523364,125.38380062305296,102.85607476635512,Salak
140.7264447236181,124.76947236180901,102.63159547738695,Salak
148.40603919049147,121.90330870542888,101.64343077417278,Salak
139.34311582891038,124.6946612550734,102.99781454886045,Salak
138.9087214754611,124.37668021256641,102.95029696780244,Salak
141.23803604723426,125.67029210689871,102.95183343691734,Salak
140.7969336670839,125.14173967459328,102.84918648310389,Salak
138.55074719800743,125.13075965130761,103.51151930261524,Salak
135.9674146941285,125.55825391945898,103.0759299108515,Salak
138.20697167755995,125.3529411764706,103.25521319638965,Salak
134.74853980940662,125.0817706732247,103.16169689517369,Salak
147.51333976213436,122.58277081324334,100.89167470266796,Salak
147.94326923076926,123.15224358974363,101.38365384615386,Salak
147.75240538806926,123.14304041051956,101.56029506093651,Salak
151.1562099871959,123.1181177976952,101.7291933418694,Salak
147.5033707865168,123.63916532905299,101.56918138041733,Salak
149.7381713554987,124.36764705882355,101.42263427109978,Salak
145.87047130490535,123.90060916960569,101.52805386341777,Salak
129.22949689869054,124.36836664369402,106.38525155065476,Salak
144.2585819698428,124.48668591594478,101.72730189284566,Salak
144.2794210195091,123.75047199496541,101.97482693517934,Salak
144.99057196731619,123.55373978629792,102.62884978001257,Salak
144.94439208294065,124.74206723217091,102.43700911090161,Salak
144.59149606299215,124.94330708661415,102.65480314960632,Salak
142.64375392341495,125.08505963590711,102.49435028248588,Salak
144.15855969677824,124.96241313960834,102.97978521794063,Salak
145.11441075336035,124.8277586745858,102.8371366051891,Salak
140.90801371998754,125.36170876208296,102.76769566573121,Salak
140.22239502332818,125.53374805598752,103.21835147744943,Salak
140.4065420560748,125.36074766355141,103.33956386292833,Salak
135.40662743883556,125.47383090740169,102.91545370083617,Salak
139.19576557226148,125.53758821724455,103.08499539736115,Salak
139.10036607687616,124.39902379499695,103.07718120805372,Salak
138.12267317668602,124.84101312175771,102.89899298138543,Salak
136.05107526881721,125.31272401433695,102.91756272401432,Salak
136.30027051397656,124.79711451758337,102.85632702134058,Salak
134.01252983293554,124.41020286396183,102.5933770883055,Salak
132.9252447345002,124.79738949866508,102.66478789676655,Salak
134.3128888888889,124.6242962962963,102.2408888888889,Salak
130.96597633136096,123.99615384615386,102.78224852071006,Salak
131.72953736654802,123.9866548042705,102.36120996441281,Salak
134.52371134020618,123.73755522827689,102.38232695139908,Salak
130.4706055261611,123.68577307466197,102.11199294532628,Salak
132.22144317849842,122.84312007011391,102.18813905930472,Salak
128.4639205375402,123.20800467426233,102.22115103710192,Salak
132.522687609075,123.02443280977316,102.01832460732984,Salak
132.7907719094603,122.86622170632617,101.60766105629713,Salak
128.49594438006955,121.15179606025491,101.41367323290844,Salak
131.4723908644117,120.72940156114481,101.02283897080082,Salak
136.4833333333333,121.29396551724136,101.18074712643678,Salak
131.9085912641018,119.15794041076077,100.77379230546718,Salak
133.529328821207,119.48759165256631,100.38042865200224,Salak
132.914406779661,118.74350282485872,99.98672316384184,Salak
133.8889203740436,118.20714083309723,99.96826296401244,Salak
135.97747113489154,118.11799493100533,99.79780343565196,Salak
135.64710860366716,117.26036671368126,99.68434414668548,Salak
135.4325239977414,117.36222473178996,99.61010728402034,Salak
134.05533484676505,117.05107832009077,99.2099886492622,Salak
135.35202492211837,116.89379779099406,98.72982158028888,Salak
136.86413812623837,116.25474101330315,98.7087461081234,Salak
138.17492216246816,116.60968015850548,98.67534673082363,Salak
138.14779432424837,117.76678842371449,98.79460522618713,Salak
139.67106001121704,117.85754346606842,98.39904655075712,Salak
139.66947014297727,117.43734230445754,98.5721895149986,Salak
137.84366197183095,118.01126760563375,98.59521126760565,Salak
141.0610579628588,118.36409679234666,98.69358469330334,Salak
139.7802197802198,118.40349394195547,98.24288531980841,Salak
138.88006804649845,118.4995747093848,98.59342217181742,Salak
141.99177771477176,119.15338814856818,98.38673093280408,Salak
141.81456200227535,119.7562571103527,98.40557451649599,Salak
138.08598452278588,118.74433935224991,99.25050157638292,Salak
140.24013624751635,119.34147033778032,99.14589838206076,Salak
140.09980153104624,119.27870711652962,98.89764672526229,Salak
141.02950354609925,120.73049645390071,99.24028368794325,Salak
143.37343572241184,119.8831058020478,98.86518771331055,Salak
143.5526315789473,120.64731121281459,99.39731121281464,Salak
142.67037353863708,120.26119190191046,99.01226119190193,Salak
145.74885321100916,120.14822247706425,99.28383027522933,Salak
142.70365047427424,119.94452428858865,99.25179649324515,Salak
